{
  "project_info": {
    "project_number": "235267753991",
    "project_id": "quizizz-app-43f93",
    "storage_bucket": "quizizz-app-43f93.appspot.com"
  },
  "client": [
    {
      "client_info": {
        "mobilesdk_app_id": "1:235267753991:android:d2713f5abc3975efc3c2a2",
        "android_client_info": {
          "package_name": "com.example.quizizz"
        }
      },
      "oauth_client": [],
      "api_key": [
        {
          "current_key": "AIzaSyB8XJyP_OOUXzCpnihXqKrgLDSlFDCOSHE"
        }
      ],
      "services": {
        "appinvite_service": {
          "other_platform_oauth_client": []
        }
      }
    }
  ],
  "configuration_version": "1"
}